,course_name,train_score,test_score,train_groundtruth,test_groundtruth,train_size,test_size,precision,recall,f1_score
0,EARTHSYS151,0.9545454545454546,1.0,0.9545454545454546,1.0,22,4,1.0,1.0,1.0
1,EARTHSYS158,0.7142857142857143,0.5,0.7142857142857143,0.5,7,2,0.5,1.0,0.6666666666666666
2,HUMBIO136,0.9411764705882353,1.0,0.9411764705882353,1.0,17,1,1.0,1.0,1.0
3,BIO115,0.7777777777777778,1.0,0.7777777777777778,1.0,27,15,1.0,1.0,1.0
4,CS275,0.8,1.0,0.8,1.0,25,5,1.0,1.0,1.0
5,GEOPHYS110,0.6944444444444444,1.0,0.6944444444444444,1.0,36,9,1.0,1.0,1.0
6,ECON159,0.7692307692307693,0.6956521739130435,0.7692307692307693,0.6956521739130435,13,23,0.6956521739130435,1.0,0.8205128205128205
7,EE303,0.75,0.0,0.5,1.0,4,1,0.0,0.0,0.0
8,EE109,0.88,1.0,0.88,1.0,25,4,1.0,1.0,1.0
9,CS245,0.72,0.7333333333333333,0.58,0.7333333333333333,50,15,0.7692307692307693,0.9090909090909091,0.8333333333333333
10,EE261,0.7142857142857143,0.5833333333333334,0.6428571428571429,0.5833333333333334,56,12,1.0,0.2857142857142857,0.4444444444444445
11,MS&E112,0.6666666666666666,0.0,0.3333333333333333,1.0,3,5,0.0,0.0,0.0
12,PHYSICS231,0.8,1.0,0.8,1.0,10,11,1.0,1.0,1.0
13,PHIL184,0.8970588235294118,0.74,0.8970588235294118,0.74,68,50,0.74,1.0,0.8505747126436781
14,CME104A,0.7272727272727273,0.6,0.7272727272727273,0.6,22,5,0.6,1.0,0.7499999999999999
15,PHIL152,0.75,1.0,0.75,1.0,32,4,1.0,1.0,1.0
16,CS106X,0.7164556962025317,0.8148148148148148,0.7164556962025317,0.8148148148148148,395,27,0.8148148148148148,1.0,0.8979591836734693
17,STATS207,0.5714285714285714,0.75,0.5714285714285714,0.75,7,8,0.75,1.0,0.8571428571428571
18,PUBLPOL105,0.7704918032786885,0.6,0.7704918032786885,0.6,61,15,0.6,1.0,0.7499999999999999
19,STATS217,0.5714285714285714,0.2857142857142857,0.5238095238095238,0.7857142857142857,21,14,1.0,0.09090909090909091,0.16666666666666669
20,ECON165,0.9166666666666666,0.7368421052631579,0.9166666666666666,0.7368421052631579,12,19,0.7368421052631579,1.0,0.8484848484848484
21,ECON149,0.9886363636363636,1.0,0.9886363636363636,1.0,88,42,1.0,1.0,1.0
22,EE364A,0.8163265306122449,0.92,0.8163265306122449,0.92,49,25,0.92,1.0,0.9583333333333334
23,ENERGY101,0.7931034482758621,0.8,0.7931034482758621,0.8,29,10,0.8,1.0,0.888888888888889
24,PHYSICS63,0.7317073170731707,0.7567567567567568,0.7398373983739838,0.7837837837837838,123,37,0.7777777777777778,0.9655172413793104,0.8615384615384615
25,CHEM151,0.7432432432432432,0.6176470588235294,0.581081081081081,0.5294117647058824,74,34,0.6,0.8333333333333334,0.6976744186046512
26,ECON136,0.8783783783783784,0.696969696969697,0.8783783783783784,0.696969696969697,148,33,0.696969696969697,1.0,0.8214285714285715
27,PHIL186,0.8307692307692308,0.7777777777777778,0.8307692307692308,0.7777777777777778,65,9,0.7777777777777778,1.0,0.8750000000000001
28,MS&E245B,0.7777777777777778,0.875,0.7777777777777778,0.875,9,8,0.875,1.0,0.9333333333333333
29,MATH106,0.6896551724137931,0.6111111111111112,0.6896551724137931,0.6111111111111112,29,18,0.6111111111111112,1.0,0.7586206896551725
30,MS&E211,0.7168141592920354,0.8571428571428571,0.7168141592920354,0.8571428571428571,113,14,0.8571428571428571,1.0,0.923076923076923
31,CHEM134,0.828125,0.8095238095238095,0.828125,0.8095238095238095,64,21,0.8095238095238095,1.0,0.8947368421052632
32,PHYSICS120,0.7927927927927928,0.675,0.6936936936936937,0.7,111,40,0.7272727272727273,0.8571428571428571,0.7868852459016394
33,ME140,0.717391304347826,0.75,0.717391304347826,0.75,184,44,0.75,1.0,0.8571428571428571
34,EE364B,0.6666666666666666,1.0,0.6666666666666666,1.0,3,6,1.0,1.0,1.0
35,EE102A,0.711340206185567,0.6909090909090909,0.6597938144329897,0.5818181818181818,194,55,0.7586206896551724,0.6875,0.7213114754098361
36,CHEMENG142,0.9411764705882353,0.9333333333333333,0.9411764705882353,0.9333333333333333,34,15,0.9333333333333333,1.0,0.9655172413793104
37,STATS191,0.8402366863905325,0.7857142857142857,0.8402366863905325,0.7857142857142857,169,56,0.7857142857142857,1.0,0.88
38,CS246,0.684931506849315,0.6851851851851852,0.541095890410959,0.7037037037037037,146,54,0.7837837837837838,0.7631578947368421,0.7733333333333334
39,ECON102C,0.85,1.0,0.85,1.0,40,22,1.0,1.0,1.0
40,PHYSICS331,0.9,1.0,0.9,1.0,10,5,1.0,1.0,1.0
41,LINGUIST180,0.8,0.6666666666666666,0.8,0.6666666666666666,15,6,0.6666666666666666,1.0,0.8
42,EE101B,0.797752808988764,0.8181818181818182,0.6179775280898876,0.6818181818181818,89,22,1.0,0.7333333333333333,0.846153846153846
43,MATH205B,0.9473684210526315,0.7142857142857143,0.9473684210526315,0.7142857142857143,19,7,0.7142857142857143,1.0,0.8333333333333333
44,ME70,0.6656346749226006,0.6351351351351351,0.5882352941176471,0.6081081081081081,323,74,0.7045454545454546,0.6888888888888889,0.6966292134831461
45,CHEM184,0.9655172413793104,1.0,0.9655172413793104,1.0,29,12,1.0,1.0,1.0
46,OSPBER40M,0.9137931034482759,1.0,0.9137931034482759,1.0,58,12,1.0,1.0,1.0
47,CS210B,0.9888268156424581,0.9821428571428571,0.9888268156424581,0.9821428571428571,179,56,0.9821428571428571,1.0,0.9909909909909909
48,ME113,0.9032258064516129,0.9655172413793104,0.9032258064516129,0.9655172413793104,155,29,0.9655172413793104,1.0,0.9824561403508771
49,CS144,0.6813186813186813,0.7297297297297297,0.510989010989011,0.4594594594594595,182,37,0.6666666666666666,0.8235294117647058,0.7368421052631577
50,EE264,0.7058823529411765,0.5,0.5294117647058824,0.5,17,2,0.0,0.0,0.0
51,EE134,0.7037037037037037,0.8888888888888888,0.7037037037037037,0.8888888888888888,27,9,0.8888888888888888,1.0,0.9411764705882353
52,ENGR15,0.662125340599455,0.5465116279069767,0.5694822888283378,0.4418604651162791,367,86,0.4918032786885246,0.7894736842105263,0.6060606060606061
53,CHEM183,0.9032258064516129,0.8888888888888888,0.7096774193548387,0.7777777777777778,31,9,0.875,1.0,0.9333333333333333
54,CS166,0.6986301369863014,0.7346938775510204,0.589041095890411,0.7551020408163265,73,49,0.8157894736842105,0.8378378378378378,0.8266666666666665
55,PHYSICS130,0.775,0.6896551724137931,0.7083333333333334,0.6551724137931034,120,29,0.7272727272727273,0.8421052631578947,0.7804878048780488
56,CME364A,0.6666666666666666,0.0,0.3333333333333333,1.0,3,5,0.0,0.0,0.0
57,MATH107,0.7666666666666667,0.5882352941176471,0.7666666666666667,0.5882352941176471,90,17,0.5882352941176471,1.0,0.7407407407407407
58,CEE101A,0.7027027027027027,0.8,0.5405405405405406,0.8,37,10,1.0,0.75,0.8571428571428571
59,MATH115,0.6753246753246753,0.8064516129032258,0.6428571428571429,0.8709677419354839,154,31,0.9565217391304348,0.8148148148148148,0.8800000000000001
60,CME106,0.71875,0.6336633663366337,0.5104166666666666,0.4158415841584158,288,101,0.5531914893617021,0.6190476190476191,0.5842696629213483
61,ME210,0.8057553956834532,0.7441860465116279,0.8057553956834532,0.7441860465116279,139,43,0.7441860465116279,1.0,0.8533333333333333
62,ECON155,0.725,0.7777777777777778,0.5375,0.7037037037037037,80,27,0.8421052631578947,0.8421052631578947,0.8421052631578947
63,ENERGY104,0.8,0.8461538461538461,0.8,0.8461538461538461,30,13,0.8461538461538461,1.0,0.9166666666666666
64,PSYCH147,0.9194630872483222,0.967741935483871,0.9194630872483222,0.967741935483871,149,31,0.967741935483871,1.0,0.9836065573770492
65,STATS206,1.0,1.0,0.5,0.0,4,2,0.0,0.0,0.0
66,CS193P,0.6363636363636364,0.5,0.36363636363636365,0.5,66,4,0.0,0.0,0.0
67,BIOMEDIN260,0.9,1.0,0.9,1.0,10,1,1.0,1.0,1.0
68,MS&E111,0.6558441558441559,0.46153846153846156,0.5714285714285714,0.9384615384615385,308,65,0.9642857142857143,0.4426229508196721,0.6067415730337079
69,CHEMENG110,0.8055555555555556,0.6666666666666666,0.7083333333333334,0.8571428571428571,72,21,1.0,0.6111111111111112,0.7586206896551725
70,CHEMENG160,0.8235294117647058,0.6,0.5882352941176471,0.5,17,10,0.5714285714285714,0.8,0.6666666666666666
71,MATSCI163,0.8648648648648649,1.0,0.8648648648648649,1.0,37,3,1.0,1.0,1.0
72,CHEMENG355,0.75,1.0,0.25,0.0,4,1,0.0,0.0,0.0
73,CS107E,0.7044334975369458,0.75,0.7044334975369458,0.75,203,40,0.75,1.0,0.8571428571428571
74,MATSCI190,0.5,1.0,0.5,0.0,8,1,0.0,0.0,0.0
75,CHEMENG120B,0.7123287671232876,0.8260869565217391,0.6712328767123288,0.9130434782608695,73,23,0.9473684210526315,0.8571428571428571,0.9
76,CME108,0.7288135593220338,0.6,0.7288135593220338,0.6,59,15,0.6,1.0,0.7499999999999999
77,CS181,0.7966101694915254,0.6785714285714286,0.7966101694915254,0.6785714285714286,118,112,0.6785714285714286,1.0,0.8085106382978724
78,ECON52,0.7396694214876033,0.7297297297297297,0.7148760330578512,0.7162162162162162,484,74,0.8235294117647058,0.7924528301886793,0.8076923076923077
79,ECON51,0.7815845824411135,0.7701863354037267,0.721627408993576,0.8260869565217391,467,161,0.9285714285714286,0.7819548872180451,0.8489795918367348
80,HUMBIO151R,0.9310344827586207,1.0,0.9310344827586207,1.0,29,15,1.0,1.0,1.0
81,ENERGY191,0.6666666666666666,1.0,0.4666666666666667,1.0,15,1,1.0,1.0,1.0
82,MATH52,0.7301092043681747,0.7635135135135135,0.6833073322932918,0.7905405405405406,641,148,0.8660714285714286,0.8290598290598291,0.847161572052402
83,CEE172,0.95,0.75,0.95,0.75,20,4,0.75,1.0,0.8571428571428571
84,EE101A,0.7326732673267327,0.6136363636363636,0.6287128712871287,0.6363636363636364,202,44,0.7619047619047619,0.5714285714285714,0.6530612244897959
85,EE223,0.8947368421052632,1.0,0.8947368421052632,1.0,19,2,1.0,1.0,1.0
86,GEOPHYS120,0.75,0.3333333333333333,0.75,0.3333333333333333,12,3,0.3333333333333333,1.0,0.5
87,CS227B,0.850828729281768,0.9642857142857143,0.850828729281768,0.9642857142857143,181,28,0.9642857142857143,1.0,0.9818181818181818
88,CS224N,0.634703196347032,0.8904109589041096,0.634703196347032,0.8904109589041096,219,146,0.8904109589041096,1.0,0.9420289855072463
89,BIOE141B,0.9888888888888889,1.0,0.9888888888888889,1.0,90,33,1.0,1.0,1.0
90,HUMBIO142,0.875,0.875,0.875,0.875,16,24,0.875,1.0,0.9333333333333333
91,EE376A,0.65,0.9642857142857143,0.65,0.9642857142857143,20,28,0.9642857142857143,1.0,0.9818181818181818
92,PHYSICS160,0.95,1.0,0.95,1.0,20,3,1.0,1.0,1.0
93,EE153,0.5806451612903226,0.6,0.41935483870967744,0.4,31,5,0.0,0.0,0.0
94,CS210A,0.9748427672955975,0.9298245614035088,0.9748427672955975,0.9298245614035088,159,57,0.9298245614035088,1.0,0.9636363636363636
95,EE116,0.6578947368421053,0.8571428571428571,0.6578947368421053,0.8571428571428571,38,7,0.8571428571428571,1.0,0.923076923076923
96,CHEM137,0.8571428571428571,1.0,0.8571428571428571,1.0,7,3,1.0,1.0,1.0
97,CS168,0.7948717948717948,0.796875,0.6324786324786325,0.828125,117,64,0.9,0.8490566037735849,0.8737864077669903
98,BIO144,0.8421052631578947,0.5714285714285714,0.8421052631578947,0.5714285714285714,38,14,0.5714285714285714,1.0,0.7272727272727273
99,STATS200,0.5347985347985348,0.75,0.5347985347985348,0.75,273,40,0.75,1.0,0.8571428571428571
100,PHIL187,0.8095238095238095,0.7777777777777778,0.6666666666666666,0.6666666666666666,42,18,0.75,1.0,0.8571428571428571
101,CS142,0.69377990430622,0.7293233082706767,0.6762360446570973,0.6015037593984962,627,133,0.84375,0.675,0.75
102,MATH114,0.8421052631578947,0.6666666666666666,0.8421052631578947,0.6666666666666666,38,3,0.6666666666666666,1.0,0.8
103,LINGUIST130A,0.7890625,0.8571428571428571,0.7890625,0.8571428571428571,128,49,0.8571428571428571,1.0,0.923076923076923
104,ME227,0.6060606060606061,0.6363636363636364,0.6060606060606061,0.6363636363636364,33,11,0.6363636363636364,1.0,0.7777777777777778
105,CS247,0.8164251207729468,0.7971014492753623,0.8164251207729468,0.7971014492753623,207,69,0.7971014492753623,1.0,0.8870967741935484
106,PHYSICS113,0.6511627906976745,0.625,0.6511627906976745,0.625,43,24,0.625,1.0,0.7692307692307693
107,BIOE103,0.7558139534883721,0.7878787878787878,0.686046511627907,0.7575757575757576,86,33,0.9090909090909091,0.8,0.8510638297872342
108,CS261,0.7352941176470589,1.0,0.7352941176470589,1.0,34,6,1.0,1.0,1.0
109,MATH104,0.7007125890736342,0.711340206185567,0.7007125890736342,0.711340206185567,421,97,0.711340206185567,1.0,0.8313253012048193
110,PHIL154,0.8181818181818182,0.6153846153846154,0.8181818181818182,0.6153846153846154,22,13,0.6153846153846154,1.0,0.761904761904762
111,ECON178,0.9849246231155779,0.7340425531914894,0.9849246231155779,0.7340425531914894,199,94,0.7340425531914894,1.0,0.8466257668711656
112,CHEM153,0.696969696969697,0.75,0.5757575757575758,0.75,33,4,1.0,0.6666666666666666,0.8
113,PSYCH95,0.8271028037383178,0.8977272727272727,0.8271028037383178,0.8977272727272727,214,88,0.8977272727272727,1.0,0.9461077844311377
114,PHYSICS152,0.8095238095238095,1.0,0.6666666666666666,1.0,21,4,1.0,1.0,1.0
115,CS102,0.7548387096774194,0.5873015873015873,0.7548387096774194,0.5873015873015873,155,63,0.5873015873015873,1.0,0.74
116,MATH122,0.8809523809523809,0.6666666666666666,0.8809523809523809,0.6666666666666666,42,9,0.6666666666666666,1.0,0.8
117,MATH210B,0.9,1.0,0.9,1.0,10,12,1.0,1.0,1.0
118,PHIL173B,0.9,1.0,0.9,1.0,10,5,1.0,1.0,1.0
119,CS276,0.782608695652174,0.7391304347826086,0.6086956521739131,0.5217391304347826,23,23,0.6875,0.9166666666666666,0.7857142857142857
120,STATS203,0.6428571428571429,0.8,0.6428571428571429,0.8,28,20,0.8,1.0,0.888888888888889
121,EARTHSYS146A,0.9166666666666666,0.6363636363636364,0.9166666666666666,0.6363636363636364,12,11,0.6363636363636364,1.0,0.7777777777777778
122,CEE182,0.6896551724137931,0.8,0.6896551724137931,0.8,29,5,0.8,1.0,0.888888888888889
123,CS140,0.7166666666666667,0.673469387755102,0.7166666666666667,0.673469387755102,180,49,0.673469387755102,1.0,0.8048780487804877
124,MATH175,0.6666666666666666,0.9,0.6190476190476191,1.0,21,10,1.0,0.9,0.9473684210526316
125,CHEM185,0.6666666666666666,0.8333333333333334,0.6666666666666666,0.8333333333333334,27,12,0.8333333333333334,1.0,0.9090909090909091
126,STATS215,0.75,0.6666666666666666,0.75,0.6666666666666666,8,15,0.6666666666666666,1.0,0.8
127,MATH171,0.6742857142857143,0.5416666666666666,0.6742857142857143,0.5416666666666666,175,24,0.5416666666666666,1.0,0.7027027027027027
128,EE214B,0.7058823529411765,0.0,0.29411764705882354,1.0,17,1,0.0,0.0,0.0
129,CHEM31B,0.8032786885245902,0.8619528619528619,0.5207328833172613,0.6464646464646465,1037,297,0.8719211822660099,0.921875,0.8962025316455697
130,EE124,0.7887323943661971,0.6428571428571429,0.704225352112676,0.7142857142857143,71,14,0.8571428571428571,0.6,0.7058823529411764
131,OSPKYOTO40M,0.7741935483870968,1.0,0.7741935483870968,1.0,31,15,1.0,1.0,1.0
132,CS243,0.7142857142857143,0.0,0.2857142857142857,1.0,7,2,0.0,0.0,0.0
133,EE107,0.7974683544303798,0.6,0.7974683544303798,0.6,79,5,0.6,1.0,0.7499999999999999
134,PSYCH121,0.8181818181818182,0.6666666666666666,0.8181818181818182,0.6666666666666666,22,3,0.6666666666666666,1.0,0.8
135,EARTHSYS101,0.8125,0.6428571428571429,0.8125,0.6428571428571429,32,14,0.6428571428571429,1.0,0.782608695652174
136,ME112,0.826271186440678,0.9444444444444444,0.826271186440678,0.9444444444444444,472,162,0.9444444444444444,1.0,0.9714285714285714
137,ECON126,0.7608695652173914,0.8225806451612904,0.6630434782608695,0.6935483870967742,92,62,0.8076923076923077,0.9767441860465116,0.8842105263157894
138,PHYSICS108,0.8709677419354839,0.6666666666666666,0.8709677419354839,0.6666666666666666,62,3,0.6666666666666666,1.0,0.8
139,ECON150,0.8235294117647058,1.0,0.8235294117647058,1.0,17,5,1.0,1.0,1.0
140,MS&E221,0.8376068376068376,0.8571428571428571,0.8376068376068376,0.8571428571428571,117,49,0.8571428571428571,1.0,0.923076923076923
141,CS194H,0.8688524590163934,0.9444444444444444,0.8688524590163934,0.9444444444444444,61,18,0.9444444444444444,1.0,0.9714285714285714
142,PHYSICS131,0.8673469387755102,0.9230769230769231,0.7857142857142857,0.6538461538461539,98,26,0.8947368421052632,1.0,0.9444444444444444
143,CHEMENG185B,0.9493670886075949,1.0,0.9493670886075949,1.0,79,22,1.0,1.0,1.0
144,CHEM175,0.8288288288288288,0.8571428571428571,0.7657657657657657,0.7142857142857143,111,21,0.875,0.9333333333333333,0.9032258064516129
145,CHEM176,0.7894736842105263,0.8181818181818182,0.7894736842105263,0.8181818181818182,57,11,0.8181818181818182,1.0,0.9
146,MATH53,0.7233748271092669,0.7142857142857143,0.7012448132780082,0.7142857142857143,723,154,0.851063829787234,0.7272727272727273,0.7843137254901961
147,PHYSICS121,0.6470588235294118,0.32432432432432434,0.6078431372549019,0.6216216216216216,102,37,0.3333333333333333,0.08695652173913043,0.13793103448275862
148,ME115B,0.8341463414634146,0.9130434782608695,0.8341463414634146,0.9130434782608695,205,69,0.9130434782608695,1.0,0.9545454545454545
149,PHIL151,0.6181818181818182,0.6388888888888888,0.6181818181818182,0.6388888888888888,110,36,0.6388888888888888,1.0,0.7796610169491525
150,MATH131P,0.6548672566371682,0.6,0.5663716814159292,0.8,113,15,0.8,0.6666666666666666,0.7272727272727272
151,AA279A,0.9166666666666666,0.4444444444444444,0.9166666666666666,0.4444444444444444,12,9,0.4444444444444444,1.0,0.6153846153846153
152,CHEM33,0.655387355298308,0.6075949367088608,0.5093499554764025,0.39556962025316456,1123,316,0.5025380710659898,0.792,0.6149068322981367
153,MCS100,0.9298245614035088,1.0,0.9298245614035088,1.0,57,3,1.0,1.0,1.0
154,ECON143,0.9178082191780822,0.967741935483871,0.9178082191780822,0.967741935483871,73,62,0.967741935483871,1.0,0.9836065573770492
155,EE133,0.9285714285714286,1.0,0.9285714285714286,1.0,28,8,1.0,1.0,1.0
156,BIOE42,0.7815126050420168,0.6666666666666666,0.6386554621848739,0.5454545454545454,119,33,0.6842105263157895,0.7222222222222222,0.7027027027027027
157,CEE166B,0.6666666666666666,0.8,0.6666666666666666,0.8,15,5,0.8,1.0,0.888888888888889
158,PHYSICS65,0.75,0.6666666666666666,0.7019230769230769,0.5185185185185185,104,27,0.6086956521739131,1.0,0.7567567567567568
159,CS231N,0.6455696202531646,0.6242038216560509,0.6455696202531646,0.6242038216560509,237,157,0.6242038216560509,1.0,0.7686274509803922
160,CS108,0.7630434782608696,0.7162162162162162,0.7630434782608696,0.7162162162162162,460,74,0.7162162162162162,1.0,0.8346456692913385
161,PHYSICS161,0.8888888888888888,1.0,0.8888888888888888,1.0,18,5,1.0,1.0,1.0
162,ME216C,0.9328358208955224,0.9375,0.9104477611940298,0.9583333333333334,134,48,1.0,0.9347826086956522,0.9662921348314606
163,CME102A,0.736,0.6086956521739131,0.736,0.6086956521739131,125,23,0.6086956521739131,1.0,0.7567567567567568
164,CS193A,0.9411764705882353,0.9583333333333334,0.9411764705882353,0.9583333333333334,51,72,0.9583333333333334,1.0,0.9787234042553191
165,PUBLPOL104,0.7017543859649122,0.7727272727272727,0.7017543859649122,0.7727272727272727,57,22,0.7727272727272727,1.0,0.8717948717948718
166,EE118,0.723404255319149,0.8666666666666667,0.723404255319149,0.8666666666666667,47,15,0.8666666666666667,1.0,0.9285714285714286
167,ENGR62,0.7614678899082569,0.6666666666666666,0.7614678899082569,0.6666666666666666,109,6,0.6666666666666666,1.0,0.8
168,CS248,0.9431818181818182,0.7,0.9431818181818182,0.7,88,40,0.7,1.0,0.8235294117647058
169,CME102,0.6965699208443272,0.6914893617021277,0.6965699208443272,0.6914893617021277,758,94,0.6914893617021277,1.0,0.8176100628930818
170,ME131A,0.6728395061728395,0.25,0.5555555555555556,0.8333333333333334,324,24,1.0,0.1,0.18181818181818182
171,STATS116,0.6764705882352942,0.9047619047619048,0.6764705882352942,0.9047619047619048,340,42,0.9047619047619048,1.0,0.9500000000000001
172,BIOE123,0.9711538461538461,0.9545454545454546,0.9711538461538461,0.9545454545454546,104,44,0.9545454545454546,1.0,0.9767441860465117
173,CEE180,0.75,0.6666666666666666,0.75,0.6666666666666666,36,9,0.6666666666666666,1.0,0.8
174,CS294S,0.9285714285714286,0.0,0.9285714285714286,0.0,14,1,0.0,0.0,0.0
175,ECON101,0.9118773946360154,0.9824561403508771,0.9118773946360154,0.9824561403508771,261,57,0.9824561403508771,1.0,0.9911504424778761
176,CS377U,0.7735849056603774,0.9090909090909091,0.7735849056603774,0.9090909090909091,53,11,0.9090909090909091,1.0,0.9523809523809523
177,ME216B,0.9051094890510949,0.9019607843137255,0.9051094890510949,0.9019607843137255,137,51,0.9019607843137255,1.0,0.9484536082474228
178,MATH51,0.6048182586644125,0.5609756097560976,0.5967878275570583,0.6186252771618626,2366,451,0.6074270557029178,0.8207885304659498,0.6981707317073171
179,PHYSICS230,0.7333333333333333,1.0,0.7333333333333333,1.0,15,10,1.0,1.0,1.0
180,ECON124,0.9583333333333334,0.9032258064516129,0.9583333333333334,0.9032258064516129,24,31,0.9032258064516129,1.0,0.9491525423728813
181,MS&E121,0.8825757575757576,0.7473684210526316,0.8825757575757576,0.7473684210526316,264,95,0.7473684210526316,1.0,0.8554216867469879
182,PHYSICS171,0.7625,0.8709677419354839,0.7625,0.8709677419354839,80,31,0.8709677419354839,1.0,0.9310344827586207
183,CHEMENG120A,0.8108108108108109,0.8695652173913043,0.7297297297297297,0.8260869565217391,74,23,0.9,0.9473684210526315,0.9230769230769231
184,COMM106,0.9134615384615384,0.7391304347826086,0.9134615384615384,0.7391304347826086,104,23,0.7391304347826086,1.0,0.85
185,EE253,0.625,1.0,0.5,1.0,8,1,1.0,1.0,1.0
186,CS240,0.6666666666666666,0.5,0.6666666666666666,0.5,21,6,0.5,1.0,0.6666666666666666
187,CS124,0.8220689655172414,0.908256880733945,0.8220689655172414,0.908256880733945,725,218,0.908256880733945,1.0,0.9519230769230769
188,PHYSICS112,0.8387096774193549,1.0,0.8387096774193549,1.0,62,22,1.0,1.0,1.0
189,CS224U,0.9459459459459459,0.967479674796748,0.9459459459459459,0.967479674796748,111,123,0.967479674796748,1.0,0.9834710743801653
190,CHEMENG174,0.6923076923076923,1.0,0.6923076923076923,1.0,26,3,1.0,1.0,1.0
191,MUSIC424,0.6666666666666666,0.0,0.3333333333333333,1.0,3,3,0.0,0.0,0.0
192,ME131B,0.6925925925925925,0.6875,0.6,0.8125,270,16,1.0,0.6153846153846154,0.761904761904762
193,CS194,0.8669950738916257,0.9841269841269841,0.8669950738916257,0.9841269841269841,203,63,0.9841269841269841,1.0,0.9919999999999999
194,CS348B,0.6190476190476191,0.8333333333333334,0.6190476190476191,0.8333333333333334,21,18,0.8333333333333334,1.0,0.9090909090909091
195,CHEM132,0.9423076923076923,0.8095238095238095,0.9423076923076923,0.8095238095238095,52,21,0.8095238095238095,1.0,0.8947368421052632
196,PSYCH164,0.9772727272727273,1.0,0.9772727272727273,1.0,44,30,1.0,1.0,1.0
197,ECON154,0.8666666666666667,0.9230769230769231,0.8666666666666667,0.9230769230769231,30,13,0.9230769230769231,1.0,0.9600000000000001
198,ME161,0.6783783783783783,0.5333333333333333,0.6162162162162163,0.9333333333333333,370,15,1.0,0.5,0.6666666666666666
199,CS143,0.7391304347826086,0.59375,0.5838509316770186,0.5,161,32,0.56,0.875,0.6829268292682927
200,MS&E125,0.8925925925925926,0.7878787878787878,0.8925925925925926,0.7878787878787878,270,99,0.7878787878787878,1.0,0.8813559322033898
201,MATH121,0.851063829787234,0.8421052631578947,0.851063829787234,0.8421052631578947,47,38,0.8421052631578947,1.0,0.9142857142857143
202,PHIL181,0.92,0.6,0.92,0.6,50,10,0.6,1.0,0.7499999999999999
203,EE102B,0.8636363636363636,0.7692307692307693,0.7386363636363636,0.8846153846153846,88,26,1.0,0.7391304347826086,0.85
204,MI185,0.8461538461538461,1.0,0.8461538461538461,1.0,13,8,1.0,1.0,1.0
205,PSYCH80,0.7704918032786885,0.6923076923076923,0.7704918032786885,0.6923076923076923,305,143,0.6923076923076923,1.0,0.8181818181818181
206,EE282,0.5714285714285714,0.5,0.5714285714285714,0.5,7,2,0.5,1.0,0.6666666666666666
207,CS155,0.7136363636363636,0.6629213483146067,0.5681818181818182,0.5730337078651685,220,89,0.6779661016949152,0.7843137254901961,0.7272727272727273
208,MATH172,0.8,0.5,0.8,0.5,15,10,0.5,1.0,0.6666666666666666
209,ME80,0.6671732522796353,0.638095238095238,0.4513677811550152,0.5238095238095238,658,105,0.639344262295082,0.7090909090909091,0.6724137931034484
210,CEE183,0.7666666666666667,0.6666666666666666,0.7666666666666667,0.6666666666666666,30,3,0.6666666666666666,1.0,0.8
211,MS&E146,0.7543859649122807,0.7692307692307693,0.7543859649122807,0.7692307692307693,57,26,0.7692307692307693,1.0,0.8695652173913044
212,MATH108,0.6776859504132231,0.717391304347826,0.6776859504132231,0.717391304347826,121,46,0.717391304347826,1.0,0.8354430379746834
213,PHYSICS107,0.75,0.8125,0.7717391304347826,0.8125,92,16,0.8571428571428571,0.9230769230769231,0.888888888888889
214,PSYCH146,0.7469879518072289,0.6666666666666666,0.7469879518072289,0.6666666666666666,83,42,0.6666666666666666,1.0,0.8
215,ECON102B,0.752913752913753,0.6714285714285714,0.5757575757575758,0.4928571428571429,429,140,0.676923076923077,0.6376811594202898,0.6567164179104477
216,LINGUIST130B,0.8055555555555556,0.7272727272727273,0.8055555555555556,0.7272727272727273,36,33,0.7272727272727273,1.0,0.8421052631578948
217,ECON102A,0.5675355450236966,0.5765765765765766,0.5260663507109005,0.5495495495495496,844,111,0.5660377358490566,0.9836065573770492,0.7185628742514969
218,EE180,0.7280701754385965,0.6875,0.7280701754385965,0.6875,114,32,0.6875,1.0,0.8148148148148148
219,ENGR105,0.6259541984732825,0.38095238095238093,0.6259541984732825,0.38095238095238093,131,63,0.38095238095238093,1.0,0.5517241379310345
220,CHEM35,0.7576374745417516,0.8157894736842105,0.5203665987780041,0.5263157894736842,982,38,1.0,0.65,0.787878787878788
221,MATH21,0.5819165378670789,0.6915887850467289,0.5502318392581144,0.4953271028037383,1294,214,0.7325581395348837,0.5943396226415094,0.65625
222,ENGR40M,0.5911072362685266,0.728,0.5911072362685266,0.728,1147,125,0.728,1.0,0.8425925925925926
223,MATH20,0.5743380855397149,0.7004405286343612,0.5631364562118126,0.5374449339207048,982,227,0.7755102040816326,0.6229508196721312,0.6909090909090909
224,CS110,0.7206349206349206,0.6989247311827957,0.42857142857142855,0.46236559139784944,1260,279,0.6363636363636364,0.813953488372093,0.7142857142857143
225,PHYSICS43,0.7423450336071695,0.7085308056872038,0.7333831217326363,0.7606635071090048,1339,422,0.9342105263157895,0.6635514018691588,0.7759562841530054
226,CS107,0.6824170831440255,0.7771587743732591,0.5515674693321218,0.6350974930362117,2201,359,0.7868217054263565,0.8903508771929824,0.8353909465020576
227,CS103,0.5390697674418604,0.5353535353535354,0.5390697674418604,0.5353535353535354,2150,297,0.5353535353535354,1.0,0.6973684210526315
228,CS109,0.7241558441558441,0.7538461538461538,0.6332467532467533,0.8102564102564103,1925,390,0.94,0.7436708860759493,0.8303886925795053
229,PHYSICS41,0.6661860129776496,0.6468085106382979,0.6647440519105984,0.6468085106382979,1387,470,0.6468085106382979,1.0,0.7855297157622739
230,CS221,0.7739403453689168,0.8255813953488372,0.7009419152276295,0.7906976744186046,1274,172,0.9076923076923077,0.8676470588235294,0.887218045112782
231,CS106B,0.6943989518506387,0.6621880998080614,0.6943989518506387,0.6621880998080614,3053,521,0.6621880998080614,1.0,0.7967667436489607
232,CS161,0.7031484257871065,0.7476923076923077,0.5704647676161919,0.6707692307692308,1334,325,0.7698412698412699,0.8899082568807339,0.825531914893617
